Workbook

Sheet Blocker
A1: Bus Loop — Blocker và cơ chế
A3: Blocker | B3: Level giới thiệu | C3: Cách hoạt động | D3: Số level dùng | E3: Tổng số lượng trong 50 level | F3: Các level dùng
A4: Xe "?" (Mystery) | B4: 6 | C4: Xe xám có dấu "?", giấu màu cho tới khi lên hàng đầu. | D4: =COUNTIF(Level!N2:N51,">0") | E4: =SUM(Level!N2:N51) | F4: 6, 7, 8, 9, 10, 11, 12, 14, 15, 16, 17, 18, 20, 21, 22, 23, 24, 26, 27, 28, 29, 30, 31, 32, 33, 34, 35, 36, 37, 38, 39, 40, 41, 42, 43, 44, 45, 46, 47, 48, 49, 50
A5: Hầm (Tunnel) | B5: 11 | C5: Đoạn đường chui đất ở map vòng: một cửa vào, một cửa ra; xe không đón khách khi dưới đất. Khách phía trên đổ xuống túi qua hầm. | D5: =COUNTIF(Level!O2:O51,">0") | E5: =SUM(Level!O2:O51) | F5: 11, 13, 14, 24, 28, 30, 33, 45, 50
A6: Lock & Key | B6: 16 | C6: Xe mang chìa xuất bến thì chìa về bộ đếm; xe bị khoá lên hàng đầu thì tự dùng một chìa để mở. (Đếm theo số xe khoá.) | D6: =COUNTIF(Level!P2:P51,">0") | E6: =SUM(Level!P2:P51) | F6: 16, 17, 18, 19, 20, 21, 22, 23, 24, 25, 26, 27, 28, 29, 30, 31, 32, 33, 34, 35, 36, 37, 38, 39, 40, 41, 42, 43, 44, 45, 46, 47, 48, 49, 50
A7: Xe đóng băng (Frozen) | B7: 21 | C7: Xe hàng đầu bọc băng có số 3/6/9; mỗi xe khác xuất bến trừ 1, về 0 thì tan. | D7: =COUNTIF(Level!R2:R51,">0") | E7: =SUM(Level!R2:R51) | F7: 21, 22, 23, 24, 25, 26, 27, 28, 29, 30, 31, 32, 33, 34, 35, 36, 37, 38, 39, 40, 41, 42, 43, 44, 45, 46, 47, 48, 49, 50
A8: Xe nối dây (Roped) | B8: 26 | C8: Hai xe buộc dây phải cùng ở hàng đầu và cần 2 slot trống để xuất bến cùng nhau. (Đếm theo cặp.) | D8: =COUNTIF(Level!S2:S51,">0") | E8: =SUM(Level!S2:S51) | F8: 26, 27, 28, 29, 30, 31, 32, 33, 34, 35, 36, 37, 38, 39, 40, 41, 42, 43, 44, 45, 46, 47, 48, 49, 50
A9: Tổng số blocker | B9: =COUNTA(A4:A8)
A11: Đã bỏ: thùng gỗ (Wooden Crate), khách đóng băng (Frozen Passenger).
A13: Cơ chế khác (không phải blocker)
A14: Cơ chế | B14: Level | C14: Mô tả
A15: Gộp 3 xe cùng màu | B15: 2 | C15: 3 xe cùng màu trên đường gộp thành xe 2–3 tầng, chiếm 1 slot.
A16: Nút + Slot | B16: 2 | C16: Mặc định 6 xe trên đường, + thêm miễn phí tới 8. Gợi ý tay chỉ lần đầu bị kẹt.
A17: Booster Clear / Magnet / Shuffle | B17: 5 / 7 / 9 (bài dạy) | C17: Mỗi loại 3 lượt, hết thì nhận thêm 3 miễn phí.
A18: Revive | B18: — | C18: Mọi xe trên đường đầy khách ngay, khách cùng màu trên board biến mất. Tối đa 2 lần/ván.

Sheet Level
A1: Level | B1: Tranh | C1: Độ khó | D1: Kiểu đường | E1: Theme | F1: Số cột xe | G1: Slot mặc định | H1: Khách trên board | I1: Khách ẩn phía trên | J1: Tổng số khách | K1: Số màu | L1: Số khách theo màu | M1: Số xe | N1: Xe "?" | O1: Hầm | P1: Xe khoá | Q1: Xe mang chìa | R1: Xe đóng băng | S1: Cặp xe nối dây | T1: Blocker đang dùng
A2: 1 | B2: Red Heart | C2: Dễ | D2: Chữ U giữa | E2: Lavender | F2: 4 | G2: 6 | H2: 1360 | I2: 237 | J2: =H2+I2 | K2: 5 | L2: Pink 690, Red 316, Purple 288, White 175, Black 128 | M2: 10 | N2: 0 | O2: 0 | P2: 0 | Q2: 0 | R2: 0 | S2: 0 | T2: —
A3: 2 | B3: Sweet Banana | C3: Dễ | D3: Chữ U giữa | E3: Lavender | F3: 4 | G3: 6 | H3: 1360 | I3: 474 | J3: =H3+I3 | K3: 7 | L3: Cyan 601, White 581, Blue 332, Black 157, Yellow 94, Orange 56, Brown 13 | M3: 12 | N3: 0 | O3: 0 | P3: 0 | Q3: 0 | R3: 0 | S3: 0 | T3: —
A4: 3 | B4: Lucky Star | C4: Dễ | D4: Chữ U giữa | E4: Lavender | F4: 4 | G4: 6 | H4: 1360 | I4: 711 | J4: =H4+I4 | K4: 8 | L4: Cyan 660, Blue 627, Purple 345, Black 189, Yellow 149, Orange 84, White 12, Pink 5 | M4: 14 | N4: 0 | O4: 0 | P4: 0 | Q4: 0 | R4: 0 | S4: 0 | T4: —
A5: 4 | B5: Leaping Dolphin | C5: Dễ | D5: Chữ U giữa | E5: Lavender | F5: 4 | G5: 6 | H5: 1371 | I5: 5135 | J5: =H5+I5 | K5: 5 | L5: White 3817, Blue 1295, Black 755, Purple 446, Cyan 193 | M5: 39 | N5: 0 | O5: 0 | P5: 0 | Q5: 0 | R5: 0 | S5: 0 | T5: —
A6: 5 | B6: Twin Cherries | C6: Thường | D6: Hai bướu (trái thấp) | E6: Lavender | F6: 4 | G6: 6 | H6: 1293 | I6: 869 | J6: =H6+I6 | K6: 7 | L6: White 583, Pink 519, Green 423, Black 298, Red 286, Brown 31, Yellow 22 | M6: 15 | N6: 0 | O6: 0 | P6: 0 | Q6: 0 | R6: 0 | S6: 0 | T6: —
A7: 6 | B7: Party Balloons | C7: Dễ | D7: Hai bướu (phải thấp) | E7: Sand | F7: 4 | G7: 6 | H7: 1293 | I7: 869 | J7: =H7+I7 | K7: 6 | L7: Cyan 895, Blue 504, Black 252, White 246, Yellow 138, Red 127 | M7: 14 | N7: 5 | O7: 0 | P7: 0 | Q7: 0 | R7: 0 | S7: 0 | T7: Xe "?"
A8: 7 | B8: Happy Duck | C8: Thường | D8: Chữ U giữa | E8: Sand | F8: 4 | G8: 6 | H8: 1371 | I8: 948 | J8: =H8+I8 | K8: 8 | L8: Blue 647, Cyan 512, Green 433, Yellow 416, Black 171, Orange 116, White 13, Pink 11 | M8: 16 | N8: 1 | O8: 0 | P8: 0 | Q8: 0 | R8: 0 | S8: 0 | T8: Xe "?"
A9: 8 | B9: Sunny Smile | C9: Dễ | D9: Chữ U giữa | E9: Sand | F9: 4 | G9: 6 | H9: 1371 | I9: 948 | J9: =H9+I9 | K9: 8 | L9: Orange 706, Blue 528, Cyan 475, Black 316, Yellow 242, White 19, Red 18, Pink 15 | M9: 18 | N9: 2 | O9: 0 | P9: 0 | Q9: 0 | R9: 0 | S9: 0 | T9: Xe "?"
A10: 9 | B10: Melon Slice | C10: Thường | D10: Chữ U giữa | E10: Sand | F10: 4 | G10: 6 | H10: 1371 | I10: 948 | J10: =H10+I10 | K10: 5 | L10: White 610, Yellow 592, Green 529, Red 337, Black 251 | M10: 15 | N10: 2 | O10: 0 | P10: 0 | Q10: 0 | R10: 0 | S10: 0 | T10: Xe "?"
A11: 10 | B11: Eiffel Tower | C11: Khó | D11: Chữ T | E11: Mint | F11: 5 | G11: 6 | H11: 1148 | I11: 1343 | J11: =H11+I11 | K11: 6 | L11: Purple 684, Pink 649, Yellow 385, Orange 316, Black 297, White 160 | M11: 18 | N11: 3 | O11: 0 | P11: 0 | Q11: 0 | R11: 0 | S11: 0 | T11: Xe "?"
A12: 11 | B12: Lady Bug | C12: Dễ | D12: Vòng hộp + hầm | E12: Mint | F12: 4 | G12: 6 | H12: 1401 | I12: 1027 | J12: =H12+I12 | K12: 5 | L12: Green 889, Yellow 727, Red 434, Black 368, White 10 | M12: 15 | N12: 1 | O12: 1 | P12: 0 | Q12: 0 | R12: 0 | S12: 0 | T12: Xe "?", Hầm
A13: 12 | B13: Gold Fish | C13: Thường | D13: Chữ U giữa | E13: Mint | F13: 4 | G13: 6 | H13: 1371 | I13: 1027 | J13: =H13+I13 | K13: 7 | L13: Blue 794, Cyan 622, Black 324, Orange 299, White 185, Yellow 148, Red 26 | M13: 14 | N13: 1 | O13: 0 | P13: 0 | Q13: 0 | R13: 0 | S13: 0 | T13: Xe "?"
... A51: 50 | B51: Pyramids of Giza | C51: Siêu khó | D51: Vòng hộp cao + hầm | E51: Lavender | F51: 5 | G51: 6 | H51: 1403 | I51: 2528 | J51: =H51+I51 | K51: 6 | L51: Cyan 951, Blue 743, Yellow 736, Orange 567, Brown 495, White 439 | M51: 31 | N51: 6 | O51: 2 | P51: 3 | Q51: 3 | R51: 3 | S51: 2 | T51: Xe "?", Hầm, Lock & Key, Xe đóng băng, Xe nối dây
A52: Tổng | H52: =SUM(H2:H51) | I52: =SUM(I2:I51) | J52: =SUM(J2:J51) | K52: =AVERAGE(K2:K51) | M52: =SUM(M2:M51) | N52: =SUM(N2:N51) | O52: =SUM(O2:O51) | P52: =SUM(P2:P51) | Q52: =SUM(Q2:Q51) | R52: =SUM(R2:R51) | S52: =SUM(S2:S51)
A54: Ghi chú: số liệu đọc từ bản build hiện tại (seed + núm độ khó sau lượt tune gần nhất). "Khách ẩn phía trên" là khách chờ ngoài màn hình, đổ xuống dần khi chơi. Ô Số màu ở dòng Tổng là trung bình.

Sheet Theo độ khó
A1: Độ khó | B1: Số level | C1: Khách TB / level | D1: Số màu TB | E1: Số xe TB
A2: Dễ | B2: =COUNTIF(Level!C2:C51,A2) | C2: =AVERAGEIF(Level!C2:C51,A2,Level!J2:J51) | D2: =AVERAGEIF(Level!C2:C51,A2,Level!K2:K51) | E2: =AVERAGEIF(Level!C2:C51,A2,Level!M2:M51)
A3: Thường | B3: =COUNTIF(Level!C2:C51,A3) | C3: =AVERAGEIF(Level!C2:C51,A3,Level!J2:J51) | D3: =AVERAGEIF(Level!C2:C51,A3,Level!K2:K51) | E3: =AVERAGEIF(Level!C2:C51,A3,Level!M2:M51)
A4: Khó | B4: =COUNTIF(Level!C2:C51,A4) | C4: =AVERAGEIF(Level!C2:C51,A4,Level!J2:J51) | D4: =AVERAGEIF(Level!C2:C51,A4,Level!K2:K51) | E4: =AVERAGEIF(Level!C2:C51,A4,Level!M2:M51)
A5: Siêu khó | B5: =COUNTIF(Level!C2:C51,A5) | C5: =AVERAGEIF(Level!C2:C51,A5,Level!J2:J51) | D5: =AVERAGEIF(Level!C2:C51,A5,Level!K2:K51) | E5: =AVERAGEIF(Level!C2:C51,A5,Level!M2:M51)
